Empleos,Empleos_1,percent,mayor,menor,PIB,PIB_1,INPC,INPC_1,merge
357820,358401,20.53327288847062,3.369411453336421,17.81763324180368,266387.185,252824.341,104.973,101.578,1
